{
  "project_info": {
    "project_number": "408758366854",
    "project_id": "miautomotriz",
    "storage_bucket": "miautomotriz.firebasestorage.app"
  },
  "client": [
    {
      "client_info": {
        "mobilesdk_app_id": "1:408758366854:android:eac769f53e411936fa9707",
        "android_client_info": {
          "package_name": "com.example.miautomotriz"
        }
      },
      "oauth_client": [],
      "api_key": [
        {
          "current_key": "AIzaSyBa5S-SCOgEiaoikvuNmiblE3Rmx9bbzdo"
        }
      ],
      "services": {
        "appinvite_service": {
          "other_platform_oauth_client": []
        }
      }
    }
  ],
  "configuration_version": "1"
}